<?xml version="1.0" encoding="UTF-8"?>
<!DOCTYPE Configure PUBLIC "-//Mort Bay Consulting//DTD Configure//EN" "http://jetty.mortbay.org/configure.dtd">
<Configure id="webAppCtx" class="org.mortbay.jetty.webapp.WebAppContext">
	<New id="beanManager" class="org.mortbay.jetty.plus.naming.Resource">
		<Arg>
			<Ref id="webAppCtx" />
		</Arg>
		<Arg>BeanManager</Arg>
		<Arg>
			<New class="javax.naming.Reference">
				<Arg>javax.enterprise.inject.spi.BeanManager</Arg>
				<Arg>org.jboss.weld.resources.ManagerObjectFactory</Arg>
				<Arg />
			</New>
		</Arg>
	</New>

</Configure>



